{
  "test_accuracy": 0.9539192318916321,
  "test_loss": 0.18320593237876892
}